fips,latitude,longitude
18001,40.745733,-84.936130
18003,41.091855,-85.072230
18005,39.205843,-85.897999
18007,40.608253,-87.315479
18009,40.472672,-85.323730
18011,40.050892,-86.469014
18013,39.192585,-86.239410
18015,40.584980,-86.565141
18017,40.753799,-86.355168
18019,38.476217,-85.711122
18021,39.393951,-87.115837
18023,40.305944,-86.477567
18025,38.289433,-86.440871
18027,38.696155,-87.076988
18029,39.151491,-84.973460
18031,39.305980,-85.499831
18033,41.401189,-85.000185
18035,40.227165,-85.398856
18037,38.373344,-86.873385
18039,41.600693,-85.863986
18041,39.639655,-85.185032
18043,38.317936,-85.911474
18045,40.121282,-87.234806
18047,39.409762,-85.066964
18049,41.050384,-86.265006
18051,38.317413,-87.580566
18053,40.515758,-85.654946
18055,39.048600,-87.005245
18057,40.049870,-86.020586
18059,39.822604,-85.772904
18061,38.186440,-86.103681
18063,39.768749,-86.510286
18065,39.929576,-85.397338
18067,40.483537,-86.114118
18069,40.826394,-85.478597
18071,38.911957,-86.042516
18073,41.017688,-87.118814
18075,40.434972,-85.003380
18077,38.783604,-85.440090
18079,38.996234,-85.628111
18081,39.495986,-86.094600
18083,38.688663,-87.420182
18085,41.244293,-85.861575
18087,41.642468,-85.426302
18089,41.472239,-87.374337
18091,41.549011,-86.744729
18093,38.839815,-86.487820
18095,40.166203,-85.722454
18097,39.782976,-86.135794
18099,41.325003,-86.269036
18101,38.705322,-86.801847
18103,40.772881,-86.044258
18105,39.160751,-86.523325
18107,40.040296,-86.892715
18109,39.482646,-86.447457
18111,40.962399,-87.402172
18113,41.400794,-85.417850
18115,38.940527,-84.964299
18117,38.547381,-86.489257
18119,39.317339,-86.838845
18121,39.774250,-87.196950
18123,38.081436,-86.626540
18125,38.397898,-87.232532
18127,41.509922,-87.071308
18129,38.027614,-87.868653
18131,41.045272,-86.692538
18133,39.665544,-86.853325
18135,40.164414,-85.005004
18137,39.100230,-85.260541
18139,39.622312,-85.466526
18141,41.617699,-86.288159
18143,38.679431,-85.751898
18145,39.524135,-85.792174
18147,38.009789,-87.010645
18149,41.283220,-86.647570
18151,41.643437,-85.002467
18153,39.089225,-87.415843
18155,38.825846,-85.029679
18157,40.389260,-86.893943
18159,40.310229,-86.056207
18161,39.623111,-84.925152
18163,38.020070,-87.586166
18165,39.854045,-87.462071
18167,39.429143,-87.390375
18169,40.843717,-85.795175
18171,40.352658,-87.375847
18173,38.097764,-87.272023
18175,38.600612,-86.104751
18177,39.863091,-85.006735
18179,40.735273,-85.212974
18181,40.750950,-86.864293
18183,41.136426,-85.501892
39001,38.841681,-83.474173
39003,40.771528,-84.106546
39005,40.843274,-82.270121
39007,41.906644,-80.745641
39009,39.333848,-82.046008
39011,40.561309,-84.224018
39013,40.017682,-80.967727
39015,38.931377,-83.866772
39017,39.439915,-84.565397
39019,40.579884,-81.090787
39021,40.132759,-83.767542
39023,39.917032,-83.783676
39025,39.052084,-84.149614
39027,39.414041,-83.814542
39029,40.768462,-80.777231
39031,40.296720,-81.930112
39033,40.848508,-82.924771
39035,41.760392,-81.724217
39037,40.132176,-84.620438
39039,41.321679,-84.486433
39041,40.278941,-83.007462
39043,41.554006,-82.525897
39045,39.752935,-82.628276
39047,39.553845,-83.459327
39049,39.969447,-83.008258
39051,41.597264,-84.124267
39053,38.817046,-82.301746
39055,41.499322,-81.173505
39057,39.687479,-83.894894
39059,40.056665,-81.497875
39061,39.196927,-84.544187
39063,41.000471,-83.666034
39065,40.660415,-83.664077
39067,40.292318,-81.091565
39069,41.335072,-84.065882
39071,39.184488,-83.603668
39073,39.490342,-82.483445
39075,40.565309,-81.929869
39077,41.145080,-82.594641
39079,39.013477,-82.614142
39081,40.399188,-80.761410
39083,40.403620,-82.422393
39085,41.924116,-81.392643
39087,38.603866,-82.517186
39089,40.093609,-82.481251
39091,40.387553,-83.766343
39093,41.438805,-82.179722
39095,41.682321,-83.468867
39097,39.896607,-83.400885
39099,41.010880,-80.770396
39101,40.588208,-83.172927
39103,41.116051,-81.899566
39105,39.089807,-82.028397
39107,40.535333,-84.632059
39109,40.053326,-84.228413
39111,39.725969,-81.090658
39113,39.755218,-84.290545
39115,39.624946,-81.861699
39117,40.525266,-82.797729
39119,39.966046,-81.943506
39121,39.767232,-81.452604
39123,41.544467,-83.009253
39125,41.119141,-84.576966
39127,39.743187,-82.237952
39129,39.648947,-83.052827
39131,39.071365,-83.052921
39133,41.168640,-81.196932
39135,39.737906,-84.645358
39137,41.024533,-84.129879
39139,40.774167,-82.542715
39141,39.323762,-83.059585
39143,41.355291,-83.142735
39145,38.815019,-82.999028
39147,41.120008,-83.127436
39149,40.336680,-84.204142
39151,40.814131,-81.365667
39153,41.121851,-81.534936
39155,41.308936,-80.767656
39157,40.447441,-81.471157
39159,40.295901,-83.367042
39161,40.855520,-84.585775
39163,39.252014,-82.485961
39165,39.425652,-84.169906
39167,39.450684,-81.490653
39169,40.829661,-81.887194
39171,41.564958,-84.584323
39173,41.360183,-83.622682
39175,40.840122,-83.313172
42001,39.869471,-77.217730
42003,40.468920,-79.980920
42005,40.812379,-79.464128
42007,40.684140,-80.350721
42009,39.997115,-78.489980
42011,40.413957,-75.926860
42013,40.497926,-78.310640
42015,41.791495,-76.502124
42017,40.336887,-75.107060
42019,40.913834,-79.918960
42021,40.494127,-78.715284
42023,41.438289,-78.198314
42025,40.917832,-75.709428
42027,40.909160,-77.847830
42029,39.973965,-75.749732
42031,41.198238,-79.420404
42033,41.000249,-78.473749
42035,41.245301,-77.649141
42037,41.045517,-76.404260
42039,41.686840,-80.107811
42041,40.164782,-77.263440
42043,40.412565,-76.792634
42045,39.916670,-75.398786
42047,41.427334,-78.653938
42049,42.117952,-80.096386
42051,39.914115,-79.644586
42053,41.513304,-79.249705
42055,39.926686,-77.724485
42057,39.910750,-78.122617
42059,39.848983,-80.225694
42061,40.422321,-77.968584
42063,40.651432,-79.087545
42065,41.130287,-78.999044
42067,40.530673,-77.400438
42069,41.440250,-75.609587
42071,40.041992,-76.250198
42073,40.992735,-80.334446
42075,40.367344,-76.458009
42077,40.614241,-75.590627
42079,41.172787,-75.976035
42081,41.343624,-77.055253
42083,41.814590,-78.572463
42085,41.300014,-80.252786
42087,40.611890,-77.620661
42089,41.056233,-75.329037
42091,40.209999,-75.370201
42093,41.029261,-76.665259
42095,40.752791,-75.307447
42097,40.851524,-76.709877
42099,40.397780,-77.266328
42101,40.009376,-75.133346
42103,41.325949,-75.031514
42105,41.748222,-77.894735
42107,40.703690,-76.217800
42109,40.755348,-77.072954
42111,39.981297,-79.028486
42113,41.439790,-76.511525
42115,41.819665,-75.800969
42117,41.766859,-77.257288
42119,40.962179,-77.055475
42121,41.401980,-79.754418
42123,41.843669,-79.313173
42125,40.200005,-80.252132
42127,41.646589,-75.292485
42129,40.311068,-79.466688
42131,41.525137,-76.008780
42133,39.921839,-76.728446
54001,39.139754,-79.996914
54003,39.457854,-78.032338
54005,38.022838,-81.713314
54007,38.699302,-80.731649
54009,40.272645,-80.578691
54011,38.419580,-82.243392
54013,38.844159,-81.115478
54015,38.459826,-81.081866
54017,39.263482,-80.701147
54019,38.030933,-81.086051
54021,38.915865,-80.849409
54023,39.105988,-79.195064
54025,37.924418,-80.450590
54027,39.312139,-78.611989
54029,40.516931,-80.570056
54031,39.010818,-78.843641
54033,39.279199,-80.386487
54035,38.834234,-81.677717
54037,39.307398,-77.863220
54039,38.328061,-81.523522
54041,38.988844,-80.495518
54043,38.171650,-82.077547
54045,37.830591,-81.940853
54047,37.382663,-81.658205
54049,39.505839,-80.243402
54051,39.854717,-80.671378
54053,38.759288,-82.024171
54055,37.403448,-81.106456
54057,39.405626,-78.956581
54059,37.721151,-82.158993
54061,39.633645,-80.059074
54063,37.550353,-80.547891
54065,39.554835,-78.257314
54067,38.291416,-80.797516
54069,40.098932,-80.620728
54071,38.686836,-79.333707
54073,39.368133,-81.161172
54075,38.332513,-80.012092
54077,39.469030,-79.668865
54079,38.510513,-81.906109
54081,37.762470,-81.264671
54083,38.781087,-79.867783
54085,39.177112,-81.066317
54087,38.743033,-81.354502
54089,37.656003,-80.856315
54091,39.329072,-80.045629
54093,39.111175,-79.559968
54095,39.465981,-80.879493
54097,38.902536,-80.231335
54099,38.145531,-82.419698
54101,38.492985,-80.430262
54103,39.596574,-80.634394
54105,39.020034,-81.382975
54107,39.211679,-81.515928
54109,37.603717,-81.548884
